
insert into users (name) values
	('Mark'),
	('John'),
	('Melinda'),
	('Carl'),
	('Tim'),
	('Jessica'),
	('Raja'),
	('Shantha'),
	('Dhiya'),
	('Ramya'),
	('Mark2'),
	('John2'),
	('Melinda2'),
	('Carl2'),
	('Tim2'),
	('Jessica2'),
	('Raja2'),
	('Shantha2'),
	('Dhiya2'),
	('Ramya2'),
	('Mark3'),
	('John3'),
	('Melinda3'),
	('Carl3'),
	('Tim3'),
	('Jessica3'),
	('Raja3'),
	('Shantha3'),
	('Dhiya3'),
	('Ramya3')
;

insert into companies (name) values
	('Facewall'),
	('Carl & Co'),
	('John & Co'),
	('Sam & Co'),
	('Peter & Co'),
	('Baldev & Co'),
	('Fed Ted'),
	('Mineral Co'),
	('Cadbury & Co'),
	('Thames Co'),
	('George & Co'),
	('Voltas Co')
;

insert into teams (company_id, user_id, contact_user) values
	(1, 1, TRUE),
	(2, 3, FALSE),
	(3, 4, TRUE),
	(4, 5, TRUE),
	(5, 6, FALSE),
	(6, 7, TRUE),
	(7, 8, TRUE),
	(8, 9, FALSE),
	(9, 10, TRUE),
	(1, 11, TRUE),
	(2, 12, FALSE),
	(12, 13, TRUE),
	(10, 14, TRUE),
	(11, 15, FALSE),
	(2, 16, TRUE)
;

insert into listings (created_by, name, description) values
	(1, '1 Join us conquering the world!', 'This is your best chance to be on the right side of the equation...'),
	(2, '2 Join us conquering the world!', 'This is your best chance to be on the right side of the equation...'),
	(3, '3 Join us conquering the world!', 'This is your best chance to be on the right side of the equation...'),
	(4, '4 Join us conquering the world!', 'This is your best chance to be on the right side of the equation...'),
	(5, '5 Join us conquering the world!', 'This is your best chance to be on the right side of the equation...'),
	(6, '6 Join us conquering the world!', 'This is your best chance to be on the right side of the equation...'),
	(7, '7 Join us conquering the world!', 'This is your best chance to be on the right side of the equation...'),
	(8, '8 Join us conquering the world!', 'This is your best chance to be on the right side of the equation...'),
	(9, '9 Join us conquering the world!', 'This is your best chance to be on the right side of the equation...'),
	(10, '10 Join us conquering the world!', 'This is your best chance to be on the right side of the equation...'),
	(11, '11 Join us conquering the world!', 'This is your best chance to be on the right side of the equation...'),
	(12, '12 Join us conquering the world!', 'This is your best chance to be on the right side of the equation...'),
	(13, '13 Join us conquering the world!', 'This is your best chance to be on the right side of the equation...'),
	(14, '14 Join us conquering the world!', 'This is your best chance to be on the right side of the equation...'),
	(15, '15 Join us conquering the world!', 'This is your best chance to be on the right side of the equation...'),
	(16, '16 Join us conquering the world!', 'This is your best chance to be on the right side of the equation...'),
	(17, '17 Join us conquering the world!', 'This is your best chance to be on the right side of the equation...'),
	(18, '18 Join us conquering the world!', 'This is your best chance to be on the right side of the equation...'),
	(19, '19 Join us conquering the world!', 'This is your best chance to be on the right side of the equation...'),
	(20, '20 Join us conquering the world!', 'This is your best chance to be on the right side of the equation...')
;

insert into applications (user_id, listing_id, cover_letter) values
	(2, 1, '1 Hello, ...'),
	(1, 2, '2 Hello, ...'),
	(3, 5, '3 Hello, ...'),
	(4, 6, '4 Hello, ...'),
	(5, 7, '5 Hello, ...'),
	(6, 8, '6 Hello, ...'),
	(7, 9, '7 Hello, ...'),
	(8, 10, '8 Hello, ...'),
	(9, 11, '9 Hello, ...'),
	(12, 12, '10 Hello, ...'),
	(11, 13, '11 Hello, ...'),
	(10, 14, '12 Hello, ...'),
	(14, 15, '13 Hello, ...'),
	(15, 16, '14 Hello, ...'),
	(16, 17, '15 Hello, ...'),
	(18, 18, '16 Hello, ...'),
	(20, 19, '17 Hello, ...')
;
